-- MySQL dump 10.19  Distrib 10.3.34-MariaDB, for debian-linux-gnu (x86_64)
--
-- Host: localhost    Database: phenixgames-v3
-- ------------------------------------------------------
-- Server version	10.3.34-MariaDB-0ubuntu0.20.04.1

/*!40101 SET @OLD_CHARACTER_SET_CLIENT=@@CHARACTER_SET_CLIENT */;
/*!40101 SET @OLD_CHARACTER_SET_RESULTS=@@CHARACTER_SET_RESULTS */;
/*!40101 SET @OLD_COLLATION_CONNECTION=@@COLLATION_CONNECTION */;
/*!40101 SET NAMES utf8mb4 */;
/*!40103 SET @OLD_TIME_ZONE=@@TIME_ZONE */;
/*!40103 SET TIME_ZONE='+00:00' */;
/*!40014 SET @OLD_UNIQUE_CHECKS=@@UNIQUE_CHECKS, UNIQUE_CHECKS=0 */;
/*!40014 SET @OLD_FOREIGN_KEY_CHECKS=@@FOREIGN_KEY_CHECKS, FOREIGN_KEY_CHECKS=0 */;
/*!40101 SET @OLD_SQL_MODE=@@SQL_MODE, SQL_MODE='NO_AUTO_VALUE_ON_ZERO' */;
/*!40111 SET @OLD_SQL_NOTES=@@SQL_NOTES, SQL_NOTES=0 */;

--
-- Table structure for table `pg_fuelstations`
--

DROP TABLE IF EXISTS `pg_fuelstations`;
/*!40101 SET @saved_cs_client     = @@character_set_client */;
/*!40101 SET character_set_client = utf8 */;
CREATE TABLE `pg_fuelstations` (
  `id` int(11) NOT NULL AUTO_INCREMENT,
  `type` tinyint(4) DEFAULT 2,
  `fuel_stored` float DEFAULT 1500,
  `fuel_buy_price` int(11) DEFAULT 1,
  `fuel_sell_price_b` int(11) DEFAULT 1,
  `fuel_sell_price_d` int(11) DEFAULT 1,
  `business_owner_id` int(11) DEFAULT 0 COMMENT '0 = Staat',
  `business_profit_mp` float DEFAULT 0.5,
  `pos` varchar(255) DEFAULT NULL,
  `name` varchar(255) DEFAULT 'Name Not Set',
  PRIMARY KEY (`id`)
) ENGINE=InnoDB AUTO_INCREMENT=16 DEFAULT CHARSET=utf8mb4;
/*!40101 SET character_set_client = @saved_cs_client */;

--
-- Dumping data for table `pg_fuelstations`
--

LOCK TABLES `pg_fuelstations` WRITE;
/*!40000 ALTER TABLE `pg_fuelstations` DISABLE KEYS */;
INSERT INTO `pg_fuelstations` VALUES (1,2,1500,1,1,1,0,1.5,'-2096.231689453125, -320.1805114746094, 12.16186809539795','Name Not SET'),(2,2,1500,1,1,1,0,1.5,'-1437.87451171875, -276.6646423339844, 45.20764923095703','Name Not SET'),(3,2,1500,1,1,1,0,1.5,'265.10870361328125, -1259.649658203125, 28.142915725708','Name Not SET'),(4,2,1500,1,1,1,0,1.5,'-70.5535888671875, -1761.115478515625, 28.5340366363525','Name Not SET'),(5,2,1500,1,1,1,0,1.5,'819.5802612304688, -1028.227783203125, 25.40379524230957','Name Not SET'),(6,2,1500,1,1,1,0,1.5,'1208.087646484375, -1402.546630859375, 34.22418975830078','Name Not SET'),(7,2,1500,1,1,1,0,1.5,'1181.0179443359375, -330.87725830078125, 68.31642150878906','Name Not SET'),(8,2,1500,1,1,1,0,1.5,'620.7024536132812, 268.8438415527344, 102.0894775390625','Name Not SET'),(9,2,1500,1,1,1,0,1.5,'-723.3829956054688, -935.1769409179688, 18.213932037353516','Name Not SET'),(10,2,1500,1,1,1,0,1.5,'-2555.127197265625, 2334.345458984375, 32.078041076660156','Name Not SET'),(11,2,1500,1,1,1,0,1.5,'-92.83749389648438, 6417.72802734375, 30.48018455505371','Name Not SET'),(12,2,1500,1,1,1,0,1.5,'179.82217407226562, 6602.79345703125, 30.8681697845459','Name Not SET'),(13,2,1500,1,1,1,0,1.5,'1702.66064453125, 6420.0625, 31.637767791748047','Name Not SET'),(14,2,1500,1,1,1,0,1.5,'2004.308349609375, 3776.0361328125, 31.180767059326172','Name Not SET'),(15,2,1500,1,1,1,0,1.5,'-1799.5919189453125, 802.6926879882812, 137.65121459960938','Name Not SET');
/*!40000 ALTER TABLE `pg_fuelstations` ENABLE KEYS */;
UNLOCK TABLES;

--
-- Table structure for table `pg_fuelstations_marker`
--

DROP TABLE IF EXISTS `pg_fuelstations_marker`;
/*!40101 SET @saved_cs_client     = @@character_set_client */;
/*!40101 SET character_set_client = utf8 */;
CREATE TABLE `pg_fuelstations_marker` (
  `marker_id` int(11) NOT NULL AUTO_INCREMENT,
  `fuelstation_id` int(11) DEFAULT NULL,
  `pos` varchar(255) DEFAULT NULL,
  `size` float DEFAULT 5,
  PRIMARY KEY (`marker_id`)
) ENGINE=InnoDB AUTO_INCREMENT=81 DEFAULT CHARSET=utf8mb4;
/*!40101 SET character_set_client = @saved_cs_client */;

--
-- Dumping data for table `pg_fuelstations_marker`
--

LOCK TABLES `pg_fuelstations_marker` WRITE;
/*!40000 ALTER TABLE `pg_fuelstations_marker` DISABLE KEYS */;
INSERT INTO `pg_fuelstations_marker` VALUES (1,1,'-2088.719482421875, -327.52532958984375, 12.1',5),(2,1,' -2087.860107421875, -321.11541748046875, 12.1',5),(3,1,'-2087.17529296875, -312.86273193359375, 12.1',5),(4,1,' -2095.85205078125, -312.02020263671875, 12.1',5),(5,1,'-2096.8662109375, -320.28997802734375, 12.1',5),(6,1,' -2097.326416015625, -326.56317138671875, 12.1',5),(7,1,'-2105.908203125, -325.7210693359375, 12.1',5),(8,1,'-2105.2109375, -319.3222351074219, 12.1',5),(9,1,'-2104.612060546875, -311.1736755371094, 12.1',5),(10,2,'-1435.48388671875, -284.8983459472656, 45.4',5),(11,2,'-1429.3233642578125, -279.15826416015625, 45.4',5),(12,2,'-1438.031494140625, -268.7479248046875, 45.4',5),(13,2,'-1444.1319580078125, -274.4800109863281, 45.4',5),(14,3,'257.019287109375, -1253.5419921875, 28.2878475189209',5),(15,3,'257.0165100097656, -1261.2974853515625, 28.292953491210',5),(16,3,'257.0194396972656, -1268.6412353515625, 28.291019439697',5),(17,3,'264.4770202636719, -1268.1856689453125, 28.285774230957',5),(18,3,'265.6485290527344, -1261.325439453125, 28.2929477691650',5),(19,3,'265.6486511230469, -1253.809814453125, 28.2929325103759',5),(20,3,'274.4381103515625, -1253.61328125, 28.292945861816406',5),(21,3,'274.4244689941406, -1261.3138427734375, 28.292943954467',5),(22,3,'274.4245300292969, -1268.848388671875, 28.2919731140136',5),(23,4,'-61.54207992553711, -1760.5301513671875, 28.25951004028',5),(24,4,'-64.13148498535156, -1767.6470947265625, 28.25738716125',5),(25,4,'-71.7453384399414, -1765.93896484375, 28.52115821838379',5),(26,4,'-68.89092254638672, -1758.1839599609375, 28.53406333923',5),(27,4,'-76.63903045654297, -1755.0579833984375, 28.80983734130',5),(28,4,'-79.62542724609375, -1762.3548583984375, 28.79469871520',5),(29,5,'826.650146484375, -1026.0987548828125, 25.60308074951172',5),(30,5,'826.7279663085938, -1030.8363037109375, 25.60822105407715',5),(31,5,'819.5718994140625, -1031.41064453125, 25.404321670532227',5),(32,5,'818.4002075195312, -1025.9676513671875, 25.40343475341797',5),(33,5,'811.4053955078125, -1026.15478515625, 25.41167640686035',5),(34,5,'811.2819213867188, -1030.974609375, 25.400480270385742',5),(35,6,'1207.4771728515625, -1398.58056640625, 34.37740707397461',5),(36,6,'1204.5802001953125, -1401.4771728515625, 34.385520935058594',5),(37,6,'1209.6473388671875, -1406.4918212890625, 34.38521957397461',5),(38,6,'1212.520751953125, -1403.6181640625, 34.37619400024414',5),(39,7,'1178.6962890625, -338.9515380859375, 68.36003875732422',5),(40,7,'1186.252685546875, -337.69842529296875, 68.35582733154297',5),(41,7,'1184.8883056640625, -330.32818603515625, 68.26081085205078',5),(42,7,'1177.5660400390625, -331.5906066894531, 68.31694793701172',5),(43,7,'1175.7884521484375, -322.88568115234375, 68.34132385253906',5),(44,7,'1183.2469482421875, -321.6408996582031, 68.35301208496094',5),(45,8,'629.048583984375, 263.98028564453125, 102.2616195678711',5),(46,8,'629.0447998046875, 273.9710388183594, 102.25389862060547',5),(47,8,'621.5701904296875, 273.567626953125, 102.22160339355469',5),(48,8,'621.5761108398438, 263.81463623046875, 102.20919799804688',5),(49,8,'613.013427734375, 263.7915344238281, 102.13687133789062',5),(50,8,'613.0068359375, 273.9511413574219, 102.2669448852539',5),(51,9,'-715.9319458007812, -939.384765625, 18.209949493408203',5),(52,9,'-716.0150146484375, -932.4348754882812, 18.21392822265625',5),(53,9,'-723.4224853515625, -932.5189208984375, 18.208057403564453',5),(54,9,'-723.4212646484375, -939.456787109375, 18.203495025634766',5),(55,9,'-731.907958984375, -939.1605834960938, 18.171321868896484',5),(56,9,'-732.0656127929688, -932.6857299804688, 18.21395492553711',5),(57,10,'-2552.44580078125, 2333.77001953125, 32.244449615478516',5),(58,10,'-2558.483154296875, 2333.60595703125, 32.256675720214844',5),(59,10,'-2558.53076171875, 2340.75927734375, 32.232627868652344',5),(60,10,'-2552.156982421875, 2341.168212890625, 32.25579833984375',5),(61,10,'-2551.2236328125, 2327.94140625, 32.150394439697266',5),(62,10,'-2558.0576171875, 2327.289306640625, 32.25434112548828',5),(63,11,'-90.6957015991211, 6422.0595703125, 30.63750648498535',5),(64,11,'-96.4642333984375, 6416.2958984375, 30.6395206451416',5),(65,13,'1697.453857421875, 6417.81201171875, 31.764034271240234',5),(66,13,'1701.4764404296875, 6415.95166015625, 31.755958557128906',5),(67,13,'1705.38134765625, 6414.11962890625, 31.762042999267578',5),(68,12,'172.93472290039062, 6603.58154296875, 31.047393798828125',5),(69,12,'179.0832061767578, 6604.90966796875, 31.041072845458984',5),(70,12,'186.39474487304688, 6606.11083984375, 31.047401428222656',5),(71,14,'2009.7064208984375, 3776.16162109375, 31.403934478759766',5),(72,14,'2006.519287109375, 3774.357177734375, 31.403949737548828',5),(73,14,'2004.2933349609375, 3772.820068359375, 31.403949737548828',5),(74,14,'2001.8160400390625, 3771.420166015625, 31.403942108154297',5),(75,15,'-1796.6671142578125, 800.8064575195312, 137.6512451171875',5),(76,15,'-1801.93896484375, 806.787841796875, 137.64878845214844',5),(77,15,'-1796.377685546875, 811.57958984375, 137.6680450439453',5),(78,15,'-1791.2464599609375, 805.934326171875, 137.68492126464844',5),(79,15,'-1802.96875, 794.5437622070312, 137.6739044189453',5),(80,15,'-1808.2857666015625, 800.3460083007812, 137.67874145507812',5);
/*!40000 ALTER TABLE `pg_fuelstations_marker` ENABLE KEYS */;
UNLOCK TABLES;

--
-- Table structure for table `pg_houses`
--

DROP TABLE IF EXISTS `pg_houses`;
/*!40101 SET @saved_cs_client     = @@character_set_client */;
/*!40101 SET character_set_client = utf8 */;
CREATE TABLE `pg_houses` (
  `house_id` bigint(20) NOT NULL AUTO_INCREMENT,
  `player_id` bigint(20) NOT NULL,
  `house_pos` varchar(255) NOT NULL DEFAULT '''''',
  PRIMARY KEY (`house_id`) USING BTREE
) ENGINE=InnoDB AUTO_INCREMENT=105 DEFAULT CHARSET=utf8 ROW_FORMAT=DYNAMIC;
/*!40101 SET character_set_client = @saved_cs_client */;

--
-- Dumping data for table `pg_houses`
--

LOCK TABLES `pg_houses` WRITE;
/*!40000 ALTER TABLE `pg_houses` DISABLE KEYS */;
INSERT INTO `pg_houses` VALUES (102,103,'261.4586, -998.8196, -99.00863'),(103,104,'261.4586, -998.8196, -99.00863'),(104,105,'261.4586, -998.8196, -99.00863');
/*!40000 ALTER TABLE `pg_houses` ENABLE KEYS */;
UNLOCK TABLES;

--
-- Table structure for table `pg_inventory`
--

DROP TABLE IF EXISTS `pg_inventory`;
/*!40101 SET @saved_cs_client     = @@character_set_client */;
/*!40101 SET character_set_client = utf8 */;
CREATE TABLE `pg_inventory` (
  `item_id` int(11) NOT NULL AUTO_INCREMENT,
  `item_name` varchar(255) DEFAULT NULL,
  `item_amount` int(11) DEFAULT 1,
  `item_user_id` bigint(20) DEFAULT NULL,
  `item_slot` int(11) DEFAULT NULL,
  PRIMARY KEY (`item_id`) USING BTREE
) ENGINE=InnoDB DEFAULT CHARSET=utf8;
/*!40101 SET character_set_client = @saved_cs_client */;

--
-- Dumping data for table `pg_inventory`
--

LOCK TABLES `pg_inventory` WRITE;
/*!40000 ALTER TABLE `pg_inventory` DISABLE KEYS */;
/*!40000 ALTER TABLE `pg_inventory` ENABLE KEYS */;
UNLOCK TABLES;

--
-- Table structure for table `pg_item_config`
--

DROP TABLE IF EXISTS `pg_item_config`;
/*!40101 SET @saved_cs_client     = @@character_set_client */;
/*!40101 SET character_set_client = utf8 */;
CREATE TABLE `pg_item_config` (
  `item_id` bigint(11) DEFAULT NULL,
  `img` varchar(255) DEFAULT '',
  `isStackable` tinyint(4) DEFAULT NULL,
  `maxCount` bigint(20) DEFAULT NULL
) ENGINE=InnoDB DEFAULT CHARSET=utf8;
/*!40101 SET character_set_client = @saved_cs_client */;

--
-- Dumping data for table `pg_item_config`
--

LOCK TABLES `pg_item_config` WRITE;
/*!40000 ALTER TABLE `pg_item_config` DISABLE KEYS */;
INSERT INTO `pg_item_config` VALUES (12,'https://cdn-icons-png.flaticon.com/32/3075/3075977.png',0,10),(7,'https://cdn-icons-png.flaticon.com/32/3075/3075977.png',0,20),(4,'https://cdn-icons-png.flaticon.com/32/3075/3075977.png',0,0);
/*!40000 ALTER TABLE `pg_item_config` ENABLE KEYS */;
UNLOCK TABLES;

--
-- Table structure for table `pg_marker`
--

DROP TABLE IF EXISTS `pg_marker`;
/*!40101 SET @saved_cs_client     = @@character_set_client */;
/*!40101 SET character_set_client = utf8 */;
CREATE TABLE `pg_marker` (
  `id` int(11) NOT NULL AUTO_INCREMENT,
  `marker_pos` varchar(255) NOT NULL DEFAULT '',
  `marker_rot` varchar(255) DEFAULT NULL,
  `marker_dir` varchar(255) DEFAULT NULL,
  `marker_color` varchar(255) DEFAULT NULL,
  `marker_visible` tinyint(4) DEFAULT NULL,
  `marker_dim` bigint(20) DEFAULT NULL,
  `marker_type` int(11) NOT NULL,
  `marker_scale` int(11) DEFAULT 1,
  PRIMARY KEY (`id`) USING BTREE
) ENGINE=InnoDB AUTO_INCREMENT=2 DEFAULT CHARSET=utf8 ROW_FORMAT=DYNAMIC;
/*!40101 SET character_set_client = @saved_cs_client */;

--
-- Dumping data for table `pg_marker`
--

LOCK TABLES `pg_marker` WRITE;
/*!40000 ALTER TABLE `pg_marker` DISABLE KEYS */;
INSERT INTO `pg_marker` VALUES (1,'265.9962158203125, -1007.3060302734375, -102.00233892822266',NULL,NULL,NULL,1,NULL,27,1);
/*!40000 ALTER TABLE `pg_marker` ENABLE KEYS */;
UNLOCK TABLES;

--
-- Table structure for table `pg_money`
--

DROP TABLE IF EXISTS `pg_money`;
/*!40101 SET @saved_cs_client     = @@character_set_client */;
/*!40101 SET character_set_client = utf8 */;
CREATE TABLE `pg_money` (
  `playerid` bigint(20) DEFAULT NULL,
  `hand_money` varchar(255) DEFAULT '',
  `bank_pin` int(11) DEFAULT NULL,
  `bank_money` varchar(255) DEFAULT NULL
) ENGINE=InnoDB DEFAULT CHARSET=utf8 ROW_FORMAT=DYNAMIC;
/*!40101 SET character_set_client = @saved_cs_client */;

--
-- Dumping data for table `pg_money`
--

LOCK TABLES `pg_money` WRITE;
/*!40000 ALTER TABLE `pg_money` DISABLE KEYS */;
/*!40000 ALTER TABLE `pg_money` ENABLE KEYS */;
UNLOCK TABLES;

--
-- Table structure for table `pg_permission_list`
--

DROP TABLE IF EXISTS `pg_permission_list`;
/*!40101 SET @saved_cs_client     = @@character_set_client */;
/*!40101 SET character_set_client = utf8 */;
CREATE TABLE `pg_permission_list` (
  `roleid` int(11) DEFAULT NULL,
  `root` tinyint(4) NOT NULL DEFAULT 0,
  `manage_rang` tinyint(4) NOT NULL DEFAULT 0,
  `manage_team` tinyint(4) NOT NULL DEFAULT 0,
  `manager_member_ext` tinyint(4) NOT NULL DEFAULT 0,
  `ban_member` tinyint(4) NOT NULL DEFAULT 0,
  `admin_menu` tinyint(4) NOT NULL DEFAULT 0,
  `manage_member` tinyint(4) NOT NULL DEFAULT 0,
  `godmode` tinyint(4) NOT NULL DEFAULT 0,
  `mute_member` tinyint(4) NOT NULL DEFAULT 0,
  `kick_member` tinyint(4) NOT NULL DEFAULT 0,
  `spawn_weapon` tinyint(4) NOT NULL DEFAULT 0,
  `tp_to` tinyint(4) NOT NULL DEFAULT 0,
  `car_spawn` tinyint(4) NOT NULL DEFAULT 0,
  `no_clip` tinyint(4) NOT NULL DEFAULT 0,
  `own_prefix` tinyint(4) NOT NULL DEFAULT 0,
  `isTeam` tinyint(4) NOT NULL DEFAULT 0,
  `tp` tinyint(4) NOT NULL DEFAULT 0,
  `heal` tinyint(4) DEFAULT 0,
  `revive` tinyint(4) DEFAULT 0,
  PRIMARY KEY (`tp`) USING BTREE
) ENGINE=InnoDB DEFAULT CHARSET=utf8 ROW_FORMAT=DYNAMIC;
/*!40101 SET character_set_client = @saved_cs_client */;

--
-- Dumping data for table `pg_permission_list`
--

LOCK TABLES `pg_permission_list` WRITE;
/*!40000 ALTER TABLE `pg_permission_list` DISABLE KEYS */;
INSERT INTO `pg_permission_list` VALUES (9,0,0,0,0,0,0,0,0,0,0,0,0,1,0,0,0,0,1,1),(10,0,1,1,1,1,1,1,1,1,1,1,1,1,1,1,1,1,1,1);
/*!40000 ALTER TABLE `pg_permission_list` ENABLE KEYS */;
UNLOCK TABLES;

--
-- Table structure for table `pg_permission_roles`
--

DROP TABLE IF EXISTS `pg_permission_roles`;
/*!40101 SET @saved_cs_client     = @@character_set_client */;
/*!40101 SET character_set_client = utf8 */;
CREATE TABLE `pg_permission_roles` (
  `id` int(11) NOT NULL AUTO_INCREMENT,
  `rolename` varchar(255) DEFAULT NULL,
  `roleid` int(11) DEFAULT NULL,
  PRIMARY KEY (`id`) USING BTREE
) ENGINE=InnoDB AUTO_INCREMENT=11 DEFAULT CHARSET=utf8 ROW_FORMAT=DYNAMIC;
/*!40101 SET character_set_client = @saved_cs_client */;

--
-- Dumping data for table `pg_permission_roles`
--

LOCK TABLES `pg_permission_roles` WRITE;
/*!40000 ALTER TABLE `pg_permission_roles` DISABLE KEYS */;
INSERT INTO `pg_permission_roles` VALUES (1,'Projekt Leitung',10),(5,'Administration',9),(6,'Support',8),(7,'Entwicklung',7),(8,'Content',6),(9,'Designer',5),(10,'Mapper',4);
/*!40000 ALTER TABLE `pg_permission_roles` ENABLE KEYS */;
UNLOCK TABLES;

--
-- Table structure for table `pg_punishments`
--

DROP TABLE IF EXISTS `pg_punishments`;
/*!40101 SET @saved_cs_client     = @@character_set_client */;
/*!40101 SET character_set_client = utf8 */;
CREATE TABLE `pg_punishments` (
  `id` bigint(20) NOT NULL,
  `banned` tinyint(4) NOT NULL DEFAULT 0,
  `muted` tinyint(4) NOT NULL DEFAULT 0,
  `till_date` varchar(255) NOT NULL,
  `admin` varchar(20) NOT NULL,
  `punishment_id` bigint(20) DEFAULT NULL,
  `reason` longtext DEFAULT NULL,
  `date_of_punishment` varchar(255) DEFAULT NULL,
  PRIMARY KEY (`id`) USING BTREE
) ENGINE=InnoDB DEFAULT CHARSET=utf8 ROW_FORMAT=DYNAMIC;
/*!40101 SET character_set_client = @saved_cs_client */;

--
-- Dumping data for table `pg_punishments`
--

LOCK TABLES `pg_punishments` WRITE;
/*!40000 ALTER TABLE `pg_punishments` DISABLE KEYS */;
/*!40000 ALTER TABLE `pg_punishments` ENABLE KEYS */;
UNLOCK TABLES;

--
-- Table structure for table `pg_user_inventory`
--

DROP TABLE IF EXISTS `pg_user_inventory`;
/*!40101 SET @saved_cs_client     = @@character_set_client */;
/*!40101 SET character_set_client = utf8 */;
CREATE TABLE `pg_user_inventory` (
  `id` int(11) NOT NULL AUTO_INCREMENT,
  `user_id` bigint(20) DEFAULT NULL,
  `items` longtext DEFAULT NULL,
  PRIMARY KEY (`id`)
) ENGINE=InnoDB AUTO_INCREMENT=2 DEFAULT CHARSET=utf8;
/*!40101 SET character_set_client = @saved_cs_client */;

--
-- Dumping data for table `pg_user_inventory`
--

LOCK TABLES `pg_user_inventory` WRITE;
/*!40000 ALTER TABLE `pg_user_inventory` DISABLE KEYS */;
INSERT INTO `pg_user_inventory` VALUES (1,156,'[{\"invPos\":1,\"img\":\"https://cdn-icons-png.flaticon.com/32/3075/3075977.png\",\"count\":1,\"isTop\":true,\"isStackable\":true},{\"invPos\":1,\"img\":\"https://cdn-icons-png.flaticon.com/32/3075/3075977.png\",\"count\":1,\"isTop\":false,\"isStackable\":false}]');
/*!40000 ALTER TABLE `pg_user_inventory` ENABLE KEYS */;
UNLOCK TABLES;

--
-- Table structure for table `pg_users`
--

DROP TABLE IF EXISTS `pg_users`;
/*!40101 SET @saved_cs_client     = @@character_set_client */;
/*!40101 SET character_set_client = utf8 */;
CREATE TABLE `pg_users` (
  `id` bigint(20) NOT NULL AUTO_INCREMENT,
  `username` varchar(255) NOT NULL,
  `firstname` varchar(255) DEFAULT '',
  `lastname` varchar(255) DEFAULT '',
  `isTeam` tinyint(4) DEFAULT 0,
  `isAdmin` tinyint(4) unsigned zerofill DEFAULT 0000,
  `coins` bigint(20) DEFAULT 0,
  `last_pos` varchar(255) DEFAULT '',
  `password` varchar(255) NOT NULL,
  `roleId` int(11) DEFAULT NULL,
  `isMedia` tinyint(4) DEFAULT 0,
  `health` int(11) DEFAULT 100,
  `armour` int(11) DEFAULT 0,
  PRIMARY KEY (`id`) USING BTREE
) ENGINE=InnoDB AUTO_INCREMENT=161 DEFAULT CHARSET=utf8 ROW_FORMAT=DYNAMIC;
/*!40101 SET character_set_client = @saved_cs_client */;

--
-- Dumping data for table `pg_users`
--

LOCK TABLES `pg_users` WRITE;
/*!40000 ALTER TABLE `pg_users` DISABLE KEYS */;
INSERT INTO `pg_users` VALUES (156,'Mittelblut9','Mittelblut9','',1,0000,0,'{\"x\":-2102.425537109375,\"y\":-312.9447326660156,\"z\":13.025815963745117}','$2a$12$RDDh4DCZzngycXzQJ8pfUOHwhpntcxwT3VaPQvp2DbRFCGrlp0nP6',10,0,90,0),(158,'zKuna-','Kevin','Moon',1,0000,0,'{\"x\":-1638.6605224609375,\"y\":2705.794921875,\"z\":4.923133850097656}','$2a$12$C7VKYxekUdaC47dRxUI0k.ePMe.HUVGlZh2fvkq5RQlo1caPJPIl.',10,0,100,0),(159,'Ghoster599','David','Moon',1,0000,0,'{\"x\":-173.57411193847656,\"y\":6445.30126953125,\"z\":31.511274337768555}','$2a$12$B/arSCh1bCEst2pS36HOEeGflig5Pg5FGwbZ3yRDHqG0T6D3H.ms.',10,0,100,0),(160,'Kaldrasz','Jonny','Moon',1,0000,0,'{\"x\":232.37322998046875,\"y\":-1034.02294921875,\"z\":29.3792724609375}','$2a$12$/4SmpqUsX7UFzj7LYHmxaO8sc3YVaZa9gXb/6222zah86K7Rsw4pm',10,0,100,0);
/*!40000 ALTER TABLE `pg_users` ENABLE KEYS */;
UNLOCK TABLES;

--
-- Table structure for table `pg_vehicles`
--

DROP TABLE IF EXISTS `pg_vehicles`;
/*!40101 SET @saved_cs_client     = @@character_set_client */;
/*!40101 SET character_set_client = utf8 */;
CREATE TABLE `pg_vehicles` (
  `veh_id` int(11) NOT NULL AUTO_INCREMENT,
  `veh_name` varchar(255) DEFAULT NULL,
  `veh_owner` varchar(20) DEFAULT '',
  `veh_keys` longtext DEFAULT NULL,
  `veh_state` tinyint(4) DEFAULT NULL,
  `veh_pos` varchar(255) DEFAULT '''''',
  `veh_rot` varchar(255) DEFAULT NULL,
  `veh_prim` varchar(255) DEFAULT '0',
  `veh_sec` varchar(255) DEFAULT '0',
  `veh_fuel` float DEFAULT 150,
  PRIMARY KEY (`veh_id`) USING BTREE
) ENGINE=InnoDB AUTO_INCREMENT=990 DEFAULT CHARSET=utf8 ROW_FORMAT=DYNAMIC;
/*!40101 SET character_set_client = @saved_cs_client */;

--
-- Dumping data for table `pg_vehicles`
--

LOCK TABLES `pg_vehicles` WRITE;
/*!40000 ALTER TABLE `pg_vehicles` DISABLE KEYS */;
INSERT INTO `pg_vehicles` VALUES (909,'p1','Mittelblut9','[156]',1,'{\"x\":-1978.977294921875,\"y\":4808.49267578125,\"z\":-1.2709271907806396}','{\"x\":-2.8979604244232178,\"y\":4.375391006469727,\"z\":113.84990692138672}','0','0',82.3333),(910,'p1','Mittelblut9','[156]',1,'{\"x\":-1408.392333984375,\"y\":4185.08154296875,\"z\":48.668235778808594}','{\"x\":2.7521321773529053,\"y\":-7.538638114929199,\"z\":-120.33944702148438}','0','0',96.2589),(911,'jugular','Ghoster599','[159]',1,'{\"x\":-2329.3388671875,\"y\":4053.22265625,\"z\":30.580257415771484}','{\"x\":6.808041572570801,\"y\":-0.5700773000717163,\"z\":-33.7707405090332}','0','0',0),(912,'jugular','Ghoster599','[159]',1,'{\"x\":-2475.10107421875,\"y\":4071.014892578125,\"z\":8.269186973571777}','{\"x\":9.248438835144043,\"y\":5.1919355392456055,\"z\":-104.88365173339844}','0','0',0),(913,'jugular','Ghoster599','[159]',1,'{\"x\":-2938.468505859375,\"y\":2134.919677734375,\"z\":40.148887634277344}','{\"x\":-0.8038536906242371,\"y\":-2.2138290405273438,\"z\":-127.59629821777344}','0','0',0),(914,'jugular','Ghoster599','[159]',1,'{\"x\":-2999.97021484375,\"y\":1497.904296875,\"z\":27.340177536010742}','{\"x\":-0.35190415382385254,\"y\":0.10229804366827011,\"z\":156.794189453125}','0','0',0),(915,'jugular','Ghoster599','[159]',1,'{\"x\":-1470.5240478515625,\"y\":-760.5873413085938,\"z\":10.518304824829102}','{\"x\":-1.9502246379852295,\"y\":-0.0607406422495842,\"z\":-170.50804138183594}','0','0',92.0359),(916,'jugular','Ghoster599','[159]',1,'{\"x\":-1460.798828125,\"y\":-763.005859375,\"z\":10.511252403259277}','{\"x\":-0.3514879047870636,\"y\":-8.179208755493164,\"z\":-97.33354949951172}','0','0',76.2986),(917,'jugular','Ghoster599','[159]',1,'{\"x\":-1307.4927978515625,\"y\":-717.4282836914062,\"z\":10.44887638092041}','{\"x\":-0.6142655611038208,\"y\":1.6771541833877563,\"z\":101.29092407226562}','0','0',70.2482),(918,'jugular','Ghoster599','[159]',1,'{\"x\":-853.537353515625,\"y\":-514.5150756835938,\"z\":22.57879066467285}','{\"x\":1.8123376369476318,\"y\":-2.2035019397735596,\"z\":-26.132587432861328}','0','0',76.4987),(919,'jugular','Ghoster599','[159]',1,'{\"x\":-1449.4083251953125,\"y\":-760.668701171875,\"z\":10.439249992370605}','{\"x\":-0.4285737872123718,\"y\":-2.0021119117736816,\"z\":108.29357147216797}','0','0',0),(920,'jugular','Ghoster599','[159]',1,'{\"x\":-1572.2119140625,\"y\":-751.5341186523438,\"z\":10.725621223449707}','{\"x\":0.11097151041030884,\"y\":-6.653319358825684,\"z\":-84.38424682617188}','0','0',0),(921,'jugular','Ghoster599','[159]',1,'{\"x\":-1317.3123779296875,\"y\":-734.677734375,\"z\":10.418989181518555}','{\"x\":1.0123212337493896,\"y\":-1.325018048286438,\"z\":0.03847573697566986}','0','0',150),(922,'jugular','Ghoster599','[159]',1,'{\"x\":-1080.6484375,\"y\":-610.5858764648438,\"z\":16.23883819580078}','{\"x\":4.055502891540527,\"y\":-1.8725502490997314,\"z\":-20.496707916259766}','0','0',88.332),(923,'jugular','Ghoster599','[159]',1,'{\"x\":-555.235107421875,\"y\":-511.217041015625,\"z\":25.294214248657227}','{\"x\":-159.99378967285156,\"y\":0.24506084620952606,\"z\":173.58502197265625}','0','0',36.8242),(924,'jugular','Ghoster599','[159]',1,'{\"x\":-527.5328979492188,\"y\":-510.97381591796875,\"z\":24.60207748413086}','{\"x\":1.7555413246154785,\"y\":0.5021597743034363,\"z\":-18.563926696777344}','0','0',62.4111),(925,'jugular','Ghoster599','[159]',1,'{\"x\":-205.5848388671875,\"y\":-491.0735168457031,\"z\":27.799659729003906}','{\"x\":0,\"y\":0,\"z\":-23.554685592651367}','0','0',97.0116),(926,'jugular','Ghoster599','[159]',1,'{\"x\":-528.3516235351562,\"y\":-506.3360290527344,\"z\":24.729717254638672}','{\"x\":1.3550945520401,\"y\":-0.04354143515229225,\"z\":-2.0506644248962402}','0','0',150),(927,'jugular','Ghoster599','[159]',1,'{\"x\":1293.81103515625,\"y\":754.086669921875,\"z\":90.72200012207031}','{\"x\":-10.284045219421387,\"y\":7.329470634460449,\"z\":-99.95349884033203}','0','0',94.3184),(928,'jugular','Ghoster599','[159]',1,'{\"x\":489.267822265625,\"y\":1812.059814453125,\"z\":223.2858428955078}','{\"x\":7.049515247344971,\"y\":21.655630111694336,\"z\":104.45323944091797}','0','0',79.0249),(929,'jugular','Ghoster599','[159]',1,'{\"x\":1104.6351318359375,\"y\":851.1068725585938,\"z\":156.62905883789062}','{\"x\":0,\"y\":0,\"z\":0}','0','0',150),(930,'jugular','Ghoster599','[159]',1,'{\"x\":139.01422119140625,\"y\":1636.3035888671875,\"z\":228.67547607421875}','{\"x\":-175.80828857421875,\"y\":-24.14447784423828,\"z\":-122.80272674560547}','0','0',98.8316),(931,'jugular','Ghoster599','[159]',1,'{\"x\":130.86306762695312,\"y\":1667.7369384765625,\"z\":228.62083435058594}','{\"x\":174.17198181152344,\"y\":-2.2390224933624268,\"z\":-170.92727661132812}','0','0',100),(932,'jugular','Ghoster599','[159]',1,'{\"x\":130.34426879882812,\"y\":1652.855712890625,\"z\":229.5789337158203}','{\"x\":0,\"y\":0,\"z\":0}','0','0',150),(933,'jugular','Ghoster599','[159]',1,'{\"x\":114.21546173095703,\"y\":1743.0994873046875,\"z\":209.3959503173828}','{\"x\":-28.344741821289062,\"y\":34.676551818847656,\"z\":41.13909912109375}','0','0',99.45),(934,'jugular','Ghoster599','[159]',1,'{\"x\":212.7413787841797,\"y\":2099.20556640625,\"z\":110.70118713378906}','{\"x\":7.015748500823975,\"y\":-57.329627990722656,\"z\":165.60891723632812}','0','0',100),(935,'jugular','Ghoster599','[159]',1,'{\"x\":155.24647521972656,\"y\":1972.6195068359375,\"z\":143.70059204101562}','{\"x\":5.090778827667236,\"y\":2.889551877975464,\"z\":-86.06315612792969}','0','0',100),(936,'jugular','Ghoster599','[159]',1,'{\"x\":109.82535552978516,\"y\":1708.73388671875,\"z\":223.09378051757812}','{\"x\":0,\"y\":0,\"z\":0}','0','0',150),(937,'jugular','Ghoster599','[159]',1,'{\"x\":108.36935424804688,\"y\":1752.875,\"z\":203.1148681640625}','{\"x\":-8.957404136657715,\"y\":-20.066457748413086,\"z\":-103.80549621582031}','0','0',100),(938,'jugular','Ghoster599','[159]',1,'{\"x\":115.03361511230469,\"y\":1717.0050048828125,\"z\":219.91488647460938}','{\"x\":0,\"y\":0,\"z\":0}','0','0',150),(939,'jugular','Ghoster599','[159]',1,'{\"x\":2867.259033203125,\"y\":2958.478759765625,\"z\":80.14842987060547}','{\"x\":-17.850170135498047,\"y\":-25.168310165405273,\"z\":47.708248138427734}','0','0',92.0867),(940,'jugular','Ghoster599','[159]',1,'{\"x\":2661.84765625,\"y\":2976.68603515625,\"z\":38.49851608276367}','{\"x\":-3.7907774448394775,\"y\":-6.490954875946045,\"z\":165.51626586914062}','0','0',92.1689),(941,'jugular','Ghoster599','[159]',1,'{\"x\":2612.046875,\"y\":2985.20654296875,\"z\":40.16279220581055}','{\"x\":-3.6574370861053467,\"y\":7.658821105957031,\"z\":1.6226781606674194}','0','0',99.95),(942,'jugular','Ghoster599','[159]',1,'{\"x\":2668.8095703125,\"y\":2771.24755859375,\"z\":36.390586853027344}','{\"x\":-0.1722332239151001,\"y\":0.7285311222076416,\"z\":100.55198669433594}','0','0',100),(943,'jugular','Ghoster599','[159]',1,'{\"x\":2795.208251953125,\"y\":2837.162353515625,\"z\":38.721412658691406}','{\"x\":0,\"y\":0,\"z\":-26.7187557220459}','0','0',100),(944,'jugular','Ghoster599','[159]',1,'{\"x\":2726.744384765625,\"y\":2800.14306640625,\"z\":36.332122802734375}','{\"x\":0.33559906482696533,\"y\":0.0023933271877467632,\"z\":121.64019775390625}','0','0',99.45),(945,'jugular','Ghoster599','[159]',1,'{\"x\":-969.6768798828125,\"y\":-2736.09033203125,\"z\":13.254143714904785}','{\"x\":0.013267038390040398,\"y\":0.0003421772853471339,\"z\":-108.27775573730469}','0','0',62.9418),(946,'jugular','Ghoster599','[159]',1,'{\"x\":245.45809936523438,\"y\":508.4789733886719,\"z\":132.89566040039062}','{\"x\":0,\"y\":0,\"z\":-31.992183685302734}','0','0',34.9847),(947,'jugular','Ghoster599','[159]',1,'{\"x\":-464.18243408203125,\"y\":-668.7208251953125,\"z\":31.700992584228516}','{\"x\":0.4543471932411194,\"y\":2.2502365112304688,\"z\":39.04840087890625}','0','0',150),(948,'jugular','Ghoster599','[159]',1,'{\"x\":-457.1165466308594,\"y\":-659.2401123046875,\"z\":31.64777374267578}','{\"x\":-2.023667573928833,\"y\":0.31460654735565186,\"z\":-79.81230163574219}','0','0',100),(949,'jugular','Ghoster599','[159]',1,'{\"x\":-479.20587158203125,\"y\":-661.5684814453125,\"z\":32.122589111328125}','{\"x\":-1.1950082778930664,\"y\":-0.18649917840957642,\"z\":-99.13104248046875}','0','0',100),(950,'jugular','Ghoster599','[159]',1,'{\"x\":-471.57147216796875,\"y\":-656.898193359375,\"z\":31.95513916015625}','{\"x\":0.6822330355644226,\"y\":1.1869531869888306,\"z\":30.23775863647461}','0','0',100),(951,'jugular','Ghoster599','[159]',1,'{\"x\":-478.82916259765625,\"y\":-644.56640625,\"z\":32.096153259277344}','{\"x\":-1.995612382888794,\"y\":-0.5908388495445251,\"z\":-106.15955352783203}','0','0',100),(952,'jugular','Ghoster599','[159]',1,'{\"x\":-461.960693359375,\"y\":-665.8961791992188,\"z\":31.729732513427734}','{\"x\":0.43388330936431885,\"y\":-2.4244279861450195,\"z\":113.56649017333984}','0','0',150),(953,'t20','Ghoster599','[159]',1,'{\"x\":-1627.0023193359375,\"y\":1250.804443359375,\"z\":140.60012817382812}','{\"x\":-5.808973789215088,\"y\":1.6596951484680176,\"z\":1.9002065658569336}','0','0',0),(954,'bati','Ghoster599','[159]',1,'{\"x\":-1982.2542724609375,\"y\":-433.5581359863281,\"z\":11.150815963745117}','{\"x\":-7.104712963104248,\"y\":-4.805657863616943,\"z\":65.46167755126953}','0','0',73.5932),(955,'p1','Mittelblut9','[156]',1,'{\"x\":-459.97894287109375,\"y\":-1871.455810546875,\"z\":17.747859954833984}','{\"x\":-0.7701138257980347,\"y\":1.8273848295211792,\"z\":125.96794128417969}','0','0',98.1894),(956,'p1','Mittelblut9','[156]',1,'{\"x\":-382.4462890625,\"y\":-1843.3983154296875,\"z\":21.15053367614746}','{\"x\":1.8128352165222168,\"y\":-1.401929497718811,\"z\":0.48730260133743286}','0','0',150),(957,'bati','Ghoster599','[159]',1,'{\"x\":193.18299865722656,\"y\":1869.9810791015625,\"z\":174.94491577148438}','{\"x\":15.332740783691406,\"y\":36.068668365478516,\"z\":-177.7325439453125}','0','0',0),(958,'p1','Mittelblut9','[156]',1,'{\"x\":-1927.2523193359375,\"y\":2802.171875,\"z\":32.083805084228516}','{\"x\":-1.1822055578231812,\"y\":36.40512466430664,\"z\":-111.01187896728516}','0','0',21.9678),(959,'bati','Ghoster599','[159]',1,'{\"x\":-2791.275146484375,\"y\":2996.657958984375,\"z\":-1.0669574737548828}','{\"x\":-0.053702179342508316,\"y\":-9.135858535766602,\"z\":-175.18731689453125}','0','0',99.2146),(960,'bati','Ghoster599','[159]',1,'{\"x\":-2425.3056640625,\"y\":3852.441650390625,\"z\":23.190006256103516}','{\"x\":1.914042353630066,\"y\":-10.854494094848633,\"z\":-0.21198827028274536}','0','0',150),(961,'bati','Ghoster599','[159]',1,'{\"x\":-1483.9862060546875,\"y\":-254.2710723876953,\"z\":49.56679916381836}','{\"x\":-0.038160327821969986,\"y\":-10.782529830932617,\"z\":0.28054511547088623}','0','0',150),(962,'bati','Ghoster599','[159]',1,'{\"x\":-2832.95556640625,\"y\":2862.63427734375,\"z\":-4.203586101531982}','{\"x\":0,\"y\":0,\"z\":97.734375}','0','0',0),(963,'bati','Ghoster599','[159]',1,'{\"x\":407.7994079589844,\"y\":-1007.9758911132812,\"z\":29.35643196105957}','{\"x\":0,\"y\":0,\"z\":1.0546904802322388}','0','0',150),(964,'bati','Ghoster599','[159]',1,'{\"x\":-1990.363525390625,\"y\":-493.51678466796875,\"z\":10.950965881347656}','{\"x\":2.23706316947937,\"y\":-3.3916220664978027,\"z\":-140.6868133544922}','0','0',0),(965,'bati','Ghoster599','[159]',1,'{\"x\":-1467.826904296875,\"y\":2221.00537109375,\"z\":32.15346908569336}','{\"x\":-19.042417526245117,\"y\":-54.99029541015625,\"z\":56.67279815673828}','0','0',0),(966,'bati','Ghoster599','[159]',1,'{\"x\":-33.28876495361328,\"y\":-1817.9931640625,\"z\":25.503929138183594}','{\"x\":4.148355484008789,\"y\":-5.67497444152832,\"z\":103.3721923828125}','0','0',62.5216),(967,'bati','Ghoster599','[159]',1,'{\"x\":-445.37554931640625,\"y\":-1774.594970703125,\"z\":19.902259826660156}','{\"x\":-3.274193048477173,\"y\":-4.113033294677734,\"z\":-15.956239700317383}','0','0',0),(968,'bati','Ghoster599','[159]',1,'{\"x\":-461.5830993652344,\"y\":-673.6629028320312,\"z\":31.648040771484375}','{\"x\":-0.06655311584472656,\"y\":-5.507195949554443,\"z\":-169.13717651367188}','0','0',76.0098),(969,'jugular','Ghoster599','[159]',1,'{\"x\":677.043701171875,\"y\":-858.7049560546875,\"z\":44.78819274902344}','{\"x\":0,\"y\":0,\"z\":178.94529724121094}','0','0',96.222),(970,'zentorno','Ghoster599','[159]',1,'{\"x\":-355.5111389160156,\"y\":-658.5630493164062,\"z\":31.444822311401367}','{\"x\":-0.17895634472370148,\"y\":-1.4245483875274658,\"z\":1.4047420024871826}','0','0',150),(971,'p1','Ghoster599','[159]',1,'{\"x\":408.13165283203125,\"y\":-989.1723022460938,\"z\":29.565649032592773}','{\"x\":0,\"y\":0,\"z\":52.3828125}','0','0',64.188),(972,'bati','Ghoster599','[159]',1,'{\"x\":398.73828125,\"y\":-1027.2625732421875,\"z\":28.83564567565918}','{\"x\":0.0326513797044754,\"y\":-4.842558860778809,\"z\":0.37534603476524353}','0','0',150),(973,'bati','Ghoster599','[159]',1,'{\"x\":-1757.094482421875,\"y\":-554.04833984375,\"z\":36.24759292602539}','{\"x\":5.463535308837891,\"y\":-4.291296482086182,\"z\":-78.58547973632812}','0','0',0),(974,'zentorno','Ghoster599','[159]',1,'{\"x\":-1439.5042724609375,\"y\":-299.4894104003906,\"z\":44.42182922363281}','{\"x\":4.175341606140137,\"y\":1.5654010772705078,\"z\":-3.4392995834350586}','0','0',150),(975,'bati','Ghoster599','[159]',1,'{\"x\":17.338363647460938,\"y\":632.9525146484375,\"z\":207.09828186035156}','{\"x\":0,\"y\":0,\"z\":166.640625}','0','0',100),(976,'bait','Ghoster599','[159]',1,'{\"x\":17.03857421875,\"y\":632.4465942382812,\"z\":206.79299926757812}','{\"x\":0,\"y\":0,\"z\":175.78125}','0','0',100),(977,'bati','Ghoster599','[159]',1,'{\"x\":1799.5120849609375,\"y\":-1504.46826171875,\"z\":115.12078857421875}','{\"x\":0,\"y\":0,\"z\":149.41404724121094}','0','0',0),(978,'bati','Ghoster599','[159]',1,'{\"x\":18.35135269165039,\"y\":630.75244140625,\"z\":207.7524871826172}','{\"x\":0,\"y\":0,\"z\":0}','0','0',150),(979,'t20','Ghoster599','[159]',1,'{\"x\":106.29102325439453,\"y\":-965.3051147460938,\"z\":28.906665802001953}','{\"x\":0.10138597339391708,\"y\":-2.802495241165161,\"z\":-9.811729431152344}','0','0',78.77),(980,'p1','Mittelblut9','[156]',1,'{\"x\":-1015.980712890625,\"y\":-3099.552490234375,\"z\":13.927639961242676}','{\"x\":2.753757953643799,\"y\":-7.430127143859863,\"z\":146.84945678710938}','0','0',0),(981,'t20','Ghoster599','[159]',1,'{\"x\":291.3885498046875,\"y\":-1391.2252197265625,\"z\":30.4421329498291}','{\"x\":-4.57025671005249,\"y\":-0.3762619197368622,\"z\":146.22328186035156}','0','0',98.657),(982,'p1','Mittelblut9','[156]',1,'{\"x\":340.9622497558594,\"y\":-1397.21826171875,\"z\":31.994775772094727}','{\"x\":-0.9402464628219604,\"y\":-0.058150965720415115,\"z\":0.35163795948028564}','0','0',150),(983,'repeair','Mittelblut9','[156]',1,'{\"x\":-738.1165161132812,\"y\":-1631.92333984375,\"z\":25.037633895874023}','{\"x\":-3.488250494003296,\"y\":3.0162899494171143,\"z\":10.456055641174316}','0','0',91.6247),(984,'p1','Mittelblut9','[156]',1,'{\"x\":-325.15020751953125,\"y\":-1908.05029296875,\"z\":47.98127746582031}','{\"x\":-3.411827325820923,\"y\":3.443230628967285,\"z\":-127.52432250976562}','0','0',0),(985,'p1','Mittelblut9','[156]',1,'{\"x\":552.4638061523438,\"y\":-2666.386962890625,\"z\":38.47773742675781}','{\"x\":-0.18707120418548584,\"y\":4.719332695007324,\"z\":-175.4171142578125}','0','0',72.2939),(986,'p1','Mittelblut9','[156]',1,'{\"x\":-582.1505737304688,\"y\":5390.35791015625,\"z\":57.877952575683594}','{\"x\":-19.803485870361328,\"y\":-17.33549690246582,\"z\":-29.46909523010254}','0','0',0),(987,'p1','Mittelblut9','[156]',1,'{\"x\":557.5205078125,\"y\":-2661.75537109375,\"z\":39.65094757080078}','{\"x\":0,\"y\":0,\"z\":0}','0','0',150),(988,'p1','Mittelblut9','[156]',1,'{\"x\":306.1044921875,\"y\":5851.42138671875,\"z\":387.4973449707031}','{\"x\":-11.24583625793457,\"y\":-25.162757873535156,\"z\":68.2349853515625}','0','0',100),(989,'p1','Mittelblut9','[156]',1,'{\"x\":276.52325439453125,\"y\":5815.72705078125,\"z\":2170.76513671875}','{\"x\":1.7456769943237305,\"y\":0.3700936436653137,\"z\":0.009849129244685173}','0','0',150);
/*!40000 ALTER TABLE `pg_vehicles` ENABLE KEYS */;
UNLOCK TABLES;
/*!40103 SET TIME_ZONE=@OLD_TIME_ZONE */;

/*!40101 SET SQL_MODE=@OLD_SQL_MODE */;
/*!40014 SET FOREIGN_KEY_CHECKS=@OLD_FOREIGN_KEY_CHECKS */;
/*!40014 SET UNIQUE_CHECKS=@OLD_UNIQUE_CHECKS */;
/*!40101 SET CHARACTER_SET_CLIENT=@OLD_CHARACTER_SET_CLIENT */;
/*!40101 SET CHARACTER_SET_RESULTS=@OLD_CHARACTER_SET_RESULTS */;
/*!40101 SET COLLATION_CONNECTION=@OLD_COLLATION_CONNECTION */;
/*!40111 SET SQL_NOTES=@OLD_SQL_NOTES */;

-- Dump completed on 2022-10-01  1:35:21
